1;Nam-1975;ナム-1975
2;Baseball Stars Professional;ベースボールスターズ プロフェッショナル
4;Mahjong Kyo Retsuden ~Nishi Nihon Hen~;麻雀狂列伝 ～西日本編～
5;Magician Lord;マジシャンロード
3;Top Player's Golf;トッププレイヤーズゴルフ
6;Riding Hero;ライディングヒーロー
9;Ninja Combat;ニンジャコンバット
11;The Super Spy;ザ・スーパースパイ
10;Cyber-Lip;サイバーリップ
21;Joy Joy Kid;ジョイジョイキッド
19;League Bowling;リーグボウリング
20;Ghost Pilots;ゴーストパイロット
17;Sengoku Denshou;戦国伝承
16;King of the Monsters;キング・オブ・ザ・モンスターズ
022;ALH 001;Raguy;ラギ
7;ASO II ~Last Guardian~;ASOII ラストガーディアン
18;Burning Fight;バーニングファイト
23;Quiz Daisousa Sen ~The Last Count Down~;クイズ大捜査線
29;Ashita no Joe Densetsu [Legend];あしたのジョー伝説
027;MOH 001;Minasan no Okagesama Desu! ~Dai Sugoroku Taikai~;みなさんのおかげさまです！
037 ALH 002;Crossed Swords;クロスソード
30;2020 Super Baseball;2020年スーパーベースボール
25;Eight Man;8マン
32;Robo Army;ロボアーミー
036 MOH 002;Bakatonosama Mahjong Man’yuuki;バカ殿様麻雀漫遊記
038 ALH 003;Thrash Rally;スラッシュラリー
33;Garou Densetsu ~Shukumei no Tatakai~;餓狼伝説
34;Football Frenzy;フットボールフレンジー
31;Soccer Brawl;サッカーブロール
42;Quiz Meitantei Neo&Geo [N&G] ~Quiz Daisousa Part 2~;クイズ迷探偵ネオ&ジオ
14;Mutation Nation;ミューテイション・ネイション
24;Last Resort;ラストリゾート
41;Baseball Stars 2;ベースボールスターズ 2
050 ALH 004;Ninja Commando;ニンジャコマンドー
39;King of the Monsters 2 ~The Next Thing~;キング・オブ・ザ・モンスターズ 2
49;Andro Dunos;アンドロデュノス
053 ALH 005;World Heroes;ワールドヒーローズ
44;Ryuuko no Ken;龍虎の拳
51;Viewpoint;ビューポイント
47;Garou Densetsu 2 ~Arata Naru Tatakai~;餓狼伝説 2
52;Tokuten Ou ~Super Sidekicks~;得点王
40;Sengoku Denshou 2;戦国伝承 2
43;Fire Suplex;ファイヤー・スープレックス
057 ALH 006;World Heroes 2;ワールドヒーローズ 2
45;Samurai Spirits;サムライスピリッツ
58;Garou Densetsu Special;餓狼伝説スペシャル
62;Miracle Adventure;ミラクルアドベンチャー
56;Ryuuko no Ken 2;龍虎の拳 2
65;Flying Power Disc;フライングパワーディスク
66;Fighter's History Dynamite;ファイターズヒストリーダイナマイト
61;Tokuten Ou 2 ~Real Fight Football~;得点王 2
064 ADH 007;World Heroes 2 Jet;ワールドヒーローズ 2 JET
46;Top Hunter ~Roddy & Cathy~;トップハンター
67;Gururin;ぐるりん
60;Fight Fever ;ファイトフィーバー
48;Janshin Densetsu ~Quest of Jongmaster~;雀神伝説 クエスト・オブ・ジャンマスター
75;Sonic Wings 2;ソニックウイングス 2
074 ADH 008;Tsuukai GanGan Koushinkyoku;痛快GANGAN行進曲
55;The King of Fighters '94;ザ・キング・オブ・ファイターズ'94
76;Sakusen’na “Ragnarok” [Operation Ragnarok];作戦名ラグナロク
68;Power Spikes II;パワースパイクスII
63;Shin Samurai Spirits ~Haohmaru Jigokuhen~;真サムライスピリッツ
79;Dunk Dream;ダンク・ドリーム
83;Puzzle Bobble;パズルボブル
73;~BomberMan~ Panic Bomber;ボンバーマン ぱにっくボンバー
078 SUH 078;Galaxy Fight -Universal·Soldier-;ギャラクシーファイト
80;Quiz King of Fighters;クイズ キング・オブ・ファイターズ
82;Double Dragon;ダブルドラゴン
81;Tokuten Ou 3 ~Eikou he no Chousen~;得点王 3
69;Garou Densetsu 3 ~Haruka Naru Tatakai~;餓狼伝説 3
59;Fuu'un Mokushiroku ~Kakutou Sousei~;風雲黙示録
090 ADH 009;World Heroes Perfect;ワールドヒーローズ パーフェクト
92;~Far East of Eden~ Tengai Makyou Shinden;天外魔境 真伝
84;The King of Fighters '95;ザ・キング・オブ・ファイターズ'95
89;Pulstar;パルスター
209;Goal! Goal! Goal!;ゴール! ゴール! ゴール!
94;Choujin Gakuen Gowcaizer;超人学園ゴウカイザー
88;Stakes Winner;ステークスウィナー
203 ADH 010;Shougi no Tatsujin ~Master of Syougi~;将棋の達人
97;Sonic Wings 3;ソニックウイングス 3
87;Samurai Spirits Zankurou MusouKen;サムライスピリッツ 斬紅郎無双剣
206;~Chibi Marukochan~ Maruko Deluxe Quiz;ちびまる子ちゃん まる子デラックスクイズ
202;Puzzle de Pon!;パズル de ポン!
95;Real Bout Garou Densetsu;リアルバウト餓狼伝説
200;Big Tournament Golf;ビッグトーナメントゴルフ
96;Art of Fighting ~Ryuuko no Ken Gaiden~;ART OF FIGHTING 龍虎の拳外伝
221;Magical Drop 2;マジカルドロップ 2
213;Neo DriftOut ~New Technology~;NEOドリフトアウト
201;Metal Slug;メタルスラッグ
212 ADH 011;Over Top;オーバートップ
217 ADH 012;Ninja Master's ~Haou Ninpouchou~;ニンジャマスターズ ～覇王忍法帖～
218;Shin’Ouken;神凰拳
214;The King of Fighters '96;ザ・キング・オブ・ファイターズ'96
216;Fuu'un Super Tag Battle;風雲スーパータッグバトル
227;Stakes Winner 2;ステークスウィナー 2
215;Tokuten Ou ~Honou no Libero~;得点王 炎のリベロ
222;Samurai Spirits Amakusa Kourin;サムライスピリッツ 天草降臨
225 SUH 225;Waku Waku 7;わくわく7
224 ADH 013;Twinkle Star Sprites;ティンクルスタースプライツ
230;Breakers;ブレイカーズ
231;Money Idol Exchanger;マネーアイドルエクスチェンジャー
223;Real Bout Garou Densetsu Special;リアルバウト餓狼伝説スペシャル
233;Magical Drop III;マジカルドロップ III
93;Neo BomberMan;ネオ・ボンバーマン
207;Neo Mr.Do!;NEO ミスター・ドゥ!
232;The King of Fighters '97;ザ・キング・オブ・ファイターズ'97
236;~Ucchan Nanchan no Honou no Challenger~;Ultra Denryuu IraIra Bou;ウルトラ電流イライラ棒
238;Shock Troopers;ショックトルーパーズ
234;Bakumatsu Roman - Gekka no Kenshi;幕末浪漫 月華の剣士
239;Blazing Star ;ブレイジングスター
241;Metal Slug 2;メタルスラッグ 2
240;Real Bout Garou Densetsu 2 ~The New Comers~;リアルバウト餓狼伝説 2
244;Neo Geo Cup '98 ~The Road to the Victory~;ネオジオカップ'98
245;Breakers Revenge;ブレイカーズ・リベンジ
242;The King of Fighters '98 ~Dream Match Never Ends~;ザ・キング・オブ・ファイターズ'98
246;Shock Troopers 2nd Squad;ショックトルーパーズ セカンドスカッド
243;Bakumatsu Roman Dai Ni Maku - Gekka no Kenshi;幕末浪漫第二幕 月華の剣士
247;Flip Shot;フリップショット
250;Metal Slug X;メタルスラッグ X
249;Captain Tomaday;キャプテン・トマディ
251;The King of Fighters '99 ~Millenium Battle~;ザ・キング・オブ・ファイターズ'99
255;Prehistoric Isle 2 ~Genshitou~;プレヒストリックアイル 2 原始島
253;Garou - Mark of the Wolves;餓狼 MARK OF THE WOLVES
254;Strikers 1945 Plus;ストライカーズ 1945 PLUS
256;Metal Slug 3;メタルスラッグ 3
257;The King of Fighters 2000;ザ・キング・オブ・ファイターズ 2000
260;Nightmare in the Dark;ナイトメア・イン・ザ・ダーク
261;Sengoku Denshou 2001;戦国伝承 2001
70;Zupapa!;ズパパ!
262;The King of Fighters 2001;ザ・キング・オブ・ファイターズ 2001
263;Metal Slug 4;メタルスラッグ 4
264;Rage of the Dragons;レイジ・オブ・ザ・ドラゴンズ
265;The King of Fighters 2002;ザ・キング・オブ・ファイターズ 2002
266;Shin Gouketsuji Ichizoku ~ Toukon Matrimelee;新豪血寺一族 闘婚 ～Matrimelee～
269;SVC Chaos - SNK vs. Capcom ;SNK vs CAPCOM SVC CHAOS
270;Samurai Spirits Zero;サムライスピリッツ零
268;Metal Slug 5;メタルスラッグ 5
271;The King of Fighters 2003;ザ・キング・オブ・ファイターズ 2003
267;Pochi to Nyaa~;ポチッとにゃ~
272;Samurai Spirits Zero Special;サムライスピリッツ零 SPECIAL
 ;;MVS FOREIGN ONLY (NEVER RELEASED IN JAPAN);; ;;219;Futsal ~5 on 5 Mini Soccer~;フットサル 5オン5 ミニサッカー
86;Tecmo World Soccer '96;テクモワールドサッカー'96
208;Kunio no Nekketsu Toukyuu [DodgeBall] Densetsu;くにおの熱血闘球伝説
235;Puzzle de Pon! R;パズル de ポン! R
237;Gapporin;ガッポリン
248;Puzzle Bobble 2;パズルボブル 2
252;Musashi Ganryuki;武蔵厳流記
259;Bang Bead;バン・ビード
 ;;CD ONLY FULL LIST (OFFICIAL RELEASE IN JAPAN);; ;;219;Futsal ~5 on 5 Mini Soccer~;フットサル 5オン5 ミニサッカー
54;Crossed Swords II;クロススウォードII
85;Shinsetsu Samurai Spirits Bushidouretsuden;真説サムライスピリッツ 武士道烈伝
91;ADK World;ADKワールド
98;Idol Mahjong Final Romance 2;アイドル麻雀 ファイナルロマンス 2
205;Neo Geo CD Special;ネオジオCDスペシャル
211;Oshidashi Zintrick;押し出しジントリック
220;Choutetsu Brikin'ger;超鉄ブリキンガー
229;The King of Fighters '96 Neo Geo Collection;ザ・キング・オブ・ファイターズ'96 ネオジオコレクション
8;Sunshine;サンシャイン
12;Mystic Wand;ミスティックウォンド
26;Fun Fun Bros;ファンファンブラザーズ
28;Dunk Star;ダンクスター
35;Last Odyssey ~Pinball Fantasia~;ラストオデッセイピンボールファンタジア
54;Buster Blaze (Crossed Swords II);クロススウォードII
71;Bang 2 Busters;バンバンバスターズ
72;Caribe no Zaiou ;カリブのざいおう
77;Shinryu Senki ~The Warlocks of the Fates~;神竜戦記 ~ザ・ワーロックス・オフ・ザ・フェイツ~
98;Idol Mahjong Final Romance 2;アイドル麻雀 ファイナルロマンス 2
99;The Eye of Typhoon ~Kyokuchougouken~;ジ アイ オフ ア タイフーン ~極超豪拳~
-;Q.P.;Q.P.
204;Hebereke’s Pair Pair Wars;へべれけペアペアウォーズ
210;Karate Ninja Sho;空手忍者翔
211;Droppers ~Fuyuutou no Daibouken~ (Oshidashi Zintrick);押し出しジントリック
220;Choutetsu Brikin'ger;超鉄ブリキンガー
226;Mahou Juku ~Magic Master~;まほうじゅく
228;Ghost Lop;ゴーストロップ
258;Garou Mark of the Wolves Special;餓狼 MARK OF THE WOLVES スペシャル;